Category,Price,Stock Name,Title,URL
News,,,MI5 lied to courts to protect neo-Nazi spy after BBC uncovered his violent abuse,N/A
News,,,How I exposed MI5's lie about its violent abusive agent,N/A
News,,,'Ineffective' generic drugs fuel rare public anger in China,N/A
News,,,"Trade, tariffs and visas to dominate Trump-Modi talks",N/A
News,,,Monty the giant schnauzer wins Best in Show,N/A
News,,,How I exposed MI5's lie about its violent abusive agent,N/A
News,,,"Crackdown on Bangladesh protesters may be crime against humanity, UN says",N/A
News,,,Australian nurses suspended over 'vile' antisemitic video,N/A
News,,,Japan truck found in pipe weeks after falling in sinkhole,N/A
News,,,'Ineffective' generic drugs fuel rare public anger in China,N/A
News,,,New US defence secretary Hegseth says return to Ukraine's 2014 borders 'unrealistic',N/A
News,,,Senior Ukraine security figure exposed as Russian 'rat',N/A
News,,,US lawmakers hear plans for Musk's Doge as inflation rises,N/A
News,,,Australian footballer Sam Kerr cleared of racial harassment in UK,N/A
News,,,Egypt and Qatar intensifying efforts to salvage Gaza ceasefire deal,N/A
News,,,More to explore,N/A
News,,,Germany's once-mighty car industry is in crisis. What will it take to fix it?,N/A
News,,,Legal showdown looms as Trump tests limits of presidential power,N/A
News,,,Stripey-faced fish named after warrior princess San,N/A
News,,,BBC Verify: Why has Google Maps renamed the Gulf of Mexico?,N/A
News,,,The story behind Beyoncé's Chitlin' Circuit tour name,N/A
News,,,Legal showdown looms as Trump tests limits of presidential power,N/A
News,,,The story behind Beyoncé's Chitlin' Circuit tour name,N/A
News,,,Most watched,N/A
News,,,Moment Monty the giant schnauzer wins prestigious US dog show,N/A
News,,,BBC Verify: Why has Google Maps renamed the Gulf of Mexico?,N/A
News,,,Musk defends government cuts in surprise White House appearance,N/A
News,,,Watch: Dog reunited with owners seven years after theft,N/A
News,,,Plughole-like whirlpool in California creates mesmerising water display,N/A
News,,,Most read,N/A
News,,,Hegseth says return to Ukraine's 2014 borders 'unrealistic',N/A
News,,,MI5 lied to courts to protect violent neo-Nazi spy,N/A
News,,,How I exposed MI5's lie about its violent abusive agent,N/A
News,,,US inflation unexpectedly increases,N/A
News,,,Australian nurses suspended over 'vile' antisemitic video,N/A
News,,,Senior Ukraine security figure exposed as Russian 'rat',N/A
News,,,Legal showdown looms as Trump tests limits of presidential power,N/A
News,,,"Crackdown on Bangladesh protesters may be crime against humanity, UN says",N/A
News,,,Japan truck found in pipe weeks after falling in sinkhole,N/A
News,,,Canada appoints fentanyl tsar as Trump's tariffs threat looms,N/A
News,,,Also in news,N/A
News,,,Goldman Sachs axes diversity rule that has 'served purpose',N/A
News,,,"Oil clean-up 'scam' warnings ignored by Shell, whistleblower tells BBC",N/A
News,,,Sudan fighters accused of storming famine-hit camp,N/A
News,,,Judge's sperm donor warning over man who 'fathered 180 children',N/A
News,,,"The Vivienne found dead in bathroom, court told",N/A
News,,,"Oil clean-up 'scam' warnings ignored by Shell, whistleblower tells BBC",N/A
News,,,"The Vivienne found dead in bathroom, court told",N/A
News,,,Sport,N/A
News,,,England lose to India again to suffer 3-0 clean sweep,N/A
News,,,Ratcliffe's Ineos considering further Man Utd redundancies,N/A
News,,,Rybakina 'disappointed' with ex-coach Vukov's ban,N/A
News,,,'Profound injustice' - US Open criticised over mixed doubles change,N/A
News,,,Jordan group buys London Irish out of administration,N/A
News,,,Ratcliffe's Ineos considering further Man Utd redundancies,N/A
News,,,England bring in Pollock for pre-Scotland camp,N/A
News,,,Australia spinner reported for suspect bowling action,N/A
News,,,Rybakina 'disappointed' with ex-coach Vukov's ban,N/A
Stock Market,"Super Micro Computer, Inc.",SMCI,,
Stock Market,Intel Corporation,INTC,,
Stock Market,NVIDIA Corporation,NVDA,,
Stock Market,"BigBear.ai Holdings, Inc.",BBAI,,
Stock Market,"Tesla, Inc.",TSLA,,
Stock Market,"Lyft, Inc.",LYFT,,
Stock Market,"Rigetti Computing, Inc.",RGTI,,
Stock Market,Palantir Technologies Inc.,PLTR,,
Stock Market,"iQIYI, Inc.",IQ,,
Stock Market,Grab Holdings Limited,GRAB,,
Stock Market,Banco Bradesco S.A.,BBD,,
Stock Market,Alibaba Group Holding Limited,BABA,,
Stock Market,"Lucid Group, Inc.",LCID,,
Stock Market,Ford Motor Company,F,,
Stock Market,"Upstart Holdings, Inc.",UPST,,
Stock Market,Arcadium Lithium plc,ALTM,,
Stock Market,Barrick Gold Corporation,GOLD,,
Stock Market,CVS Health Corporation,CVS,,
Stock Market,Apple Inc.,AAPL,,
Stock Market,Archer Aviation Inc.,ACHR,,
Stock Market,"Recursion Pharmaceuticals, Inc.",RXRX,,
Stock Market,NIO Inc.,NIO,,
Stock Market,"SoundHound AI, Inc.",SOUN,,
Stock Market,Nu Holdings Ltd.,NU,,
Stock Market,"SoFi Technologies, Inc.",SOFI,,
